{"Fid":"cKoOLkR6T-eYQ2AeMPcJAH","Status":3,"RefreshToken":"3_AS3qfwLnLN8Xe9v7Dfx2HNXr-m9YAz3PKB1E6WTX5jDMkA_qRppbqx0DskjX62c4GN8rw0ffjPJ2R6f4UD7pnMt-NsdYfE3FNBDy4izc9lsLhx8","AuthToken":"eyJhbGciOiJFUzI1NiIsInR5cCI6IkpXVCJ9.eyJhcHBJZCI6IjE6MzY3MjY5MDA4OTg2OmFuZHJvaWQ6NzliMWNhNTQ5NTQxMTEyNCIsImV4cCI6MTc1NTcwNDI3OCwiZmlkIjoiY0tvT0xrUjZULWVZUTJBZU1QY0pBSCIsInByb2plY3ROdW1iZXIiOjM2NzI2OTAwODk4Nn0.AB2LPV8wRgIhAPj72RRddM1ZYojTEpg7FlnE-yctw5sWSxK8OCpB0gJGAiEAnI59B-0kwt9xJ7U_pyLu5q2kq15DQcURxemcTa-kxUg","TokenCreationEpochInSecs":1755099478,"ExpiresInSecs":604800}