{"Fid":"dzZhgHYrR7OEF8Xiapzf_8","Status":3,"RefreshToken":"3_AS3qfwK-4v5XYBEjQ41HBovpz2qYorpfkkJh9xRGco6TbB2p-xv1c6hgNDFgIcdcmMdZpLj_XAW8lI0PBIhzUpwHUokxXqee2yHzjxdKzHMwRKM","AuthToken":"eyJhbGciOiJFUzI1NiIsInR5cCI6IkpXVCJ9.eyJhcHBJZCI6IjE6MzY3MjY5MDA4OTg2OmFuZHJvaWQ6NzliMWNhNTQ5NTQxMTEyNCIsImV4cCI6MTc1NjA5NjQ3NywiZmlkIjoiZHpaaGdIWXJSN09FRjhYaWFwemZfOCIsInByb2plY3ROdW1iZXIiOjM2NzI2OTAwODk4Nn0.AB2LPV8wRQIgBcqQCgImrEPg5vcXlYKW7O4NE7t-kTot64lIEusB8uQCIQCTiNXjOzwRkfUSiks9XuJKkQPCawxwocAmofFtP9_xng","TokenCreationEpochInSecs":1755491678,"ExpiresInSecs":604800}