{"Fid":"cphhHNoEQAuNl7zFDALBEm","Status":3,"RefreshToken":"3_AS3qfwJZdzEMgnTcl2dKnWQTxehTfSPb-sFVLqFDqB6DOao-9frLxH9kJXbnAA4okHUU8nKSUPbYh6S6Pv9CKQFMD4glmIFIGwR1Zly27xovSEw","AuthToken":"eyJhbGciOiJFUzI1NiIsInR5cCI6IkpXVCJ9.eyJhcHBJZCI6IjE6MzY3MjY5MDA4OTg2OmFuZHJvaWQ6NzliMWNhNTQ5NTQxMTEyNCIsImV4cCI6MTc1NTcwMjM2MywiZmlkIjoiY3BoaEhOb0VRQXVObDd6RkRBTEJFbSIsInByb2plY3ROdW1iZXIiOjM2NzI2OTAwODk4Nn0.AB2LPV8wRQIhAM9HZaFtmt3fMseS0prhDv8_FFYQ9Efe5wq2WdDu31q8AiAxcweZ_Q8jFcXKgMvVA9Z3oYc5mBzoVnV3kwghcd5EOQ","TokenCreationEpochInSecs":1755097563,"ExpiresInSecs":604800}